{"coverage": 94.83568075117371, "raw_data": {"meta": {"format": 2, "version": "7.4.4", "timestamp": "2024-04-10T21:07:31.607805", "branch_coverage": true, "show_contexts": false}, "files": {"src/regtech_data_validator/__init__.py": {"executed_lines": [], "summary": {"covered_lines": 0, "num_statements": 0, "percent_covered": 100.0, "percent_covered_display": "100", "missing_lines": 0, "excluded_lines": 0, "num_branches": 0, "num_partial_branches": 0, "covered_branches": 0, "missing_branches": 0}, "missing_lines": [], "excluded_lines": [], "executed_branches": [], "missing_branches": []}, "src/regtech_data_validator/check_functions.py": {"executed_lines": [1, 14, 15, 16, 18, 21, 34, 36, 37, 39, 42, 61, 77, 79, 81, 82, 84, 85, 86, 89, 124, 125, 130, 131, 132, 133, 134, 135, 138, 144, 145, 147, 148, 149, 161, 164, 165, 166, 167, 168, 171, 194, 195, 196, 197, 202, 212, 220, 223, 224, 225, 228, 229, 230, 231, 233, 236, 242, 243, 244, 245, 247, 250, 251, 252, 253, 255, 258, 269, 270, 271, 272, 273, 278, 289, 290, 291, 292, 293, 295, 298, 301, 312, 314, 317, 322, 323, 324, 326, 327, 330, 335, 336, 341, 346, 351, 357, 360, 393, 394, 395, 396, 397, 400, 411, 412, 413, 414, 415, 416, 418, 421, 424, 435, 436, 439, 450, 451, 454, 466, 467, 470, 482, 483, 486, 498, 499, 502, 503, 506, 516, 517, 518, 519, 520, 523, 536, 537, 538, 545, 548, 553, 554, 556, 557, 560, 561, 563, 566, 572, 573, 574, 576, 579, 588, 591, 592, 595, 659, 660, 661, 676, 679, 696, 697, 698, 699, 700, 701, 702, 704, 706], "summary": {"covered_lines": 170, "num_statements": 184, "percent_covered": 90.83969465648855, "percent_covered_display": "91", "missing_lines": 14, "excluded_lines": 0, "num_branches": 78, "num_partial_branches": 0, "covered_branches": 68, "missing_branches": 10}, "missing_lines": [54, 58, 110, 112, 113, 115, 118, 120, 274, 275, 296, 297, 419, 420], "excluded_lines": [], "executed_branches": [[36, 37], [36, 39], [79, 81], [79, 84], [125, -125], [125, -124], [132, 133], [132, 135], [147, 148], [147, 161], [166, 167], [166, 168], [195, 196], [195, 220], [197, 202], [197, 212], [202, -202], [202, 195], [202, 202], [212, -212], [212, 195], [212, 212], [230, 231], [230, 233], [244, 245], [244, 247], [252, 253], [252, 255], [290, 291], [290, 298], [295, -295], [295, 290], [323, 324], [323, 326], [335, 336], [335, 357], [336, 336], [336, 341], [336, 346], [346, 335], [346, 346], [346, 351], [394, 395], [394, 397], [412, 413], [412, 421], [418, -418], [418, 412], [518, 519], [518, 520], [537, 538], [537, 545], [553, 554], [553, 563], [554, 556], [554, 560], [556, 553], [556, 557], [560, 553], [560, 561], [573, 574], [573, 592], [660, 661], [660, 676], [696, 697], [696, 706], [697, 698], [697, 699], [699, 700], [699, 701], [701, 702], [701, 704]], "missing_branches": [[54, -54], [54, 58], [112, 113], [112, 120], [113, 115], [113, 118], [297, -297], [297, 290], [420, -420], [420, 412]]}, "src/regtech_data_validator/checks.py": {"executed_lines": [1, 5, 6, 8, 9, 10, 13, 14, 15, 18, 19, 28, 49, 50, 52, 54, 55, 57], "summary": {"covered_lines": 16, "num_statements": 16, "percent_covered": 100.0, "percent_covered_display": "100", "missing_lines": 0, "excluded_lines": 0, "num_branches": 2, "num_partial_branches": 0, "covered_branches": 2, "missing_branches": 0}, "missing_lines": [], "excluded_lines": [], "executed_branches": [[55, -18], [55, 54]], "missing_branches": []}, "src/regtech_data_validator/cli.py": {"executed_lines": [1, 2, 3, 4, 5, 7, 8, 9, 11, 19, 21, 24, 25, 26, 27, 30, 31, 33, 34, 36, 39, 40, 41, 42, 43, 44, 47, 48, 53, 56, 57, 83, 84, 85, 86, 89, 91, 92, 94, 95, 96, 98, 99, 100, 101, 102, 103, 104, 105, 106, 107, 108, 112, 115, 118], "summary": {"covered_lines": 55, "num_statements": 60, "percent_covered": 91.46341463414635, "percent_covered_display": "91", "missing_lines": 5, "excluded_lines": 0, "num_branches": 22, "num_partial_branches": 2, "covered_branches": 20, "missing_branches": 2}, "missing_lines": [87, 88, 109, 110, 119], "excluded_lines": [], "executed_branches": [[24, 25], [24, 26], [33, 34], [33, 36], [48, 47], [48, 56], [57, 56], [57, 57], [57, 118], [94, 95], [94, 112], [99, 100], [99, 101], [101, 102], [101, 103], [103, 104], [103, 105], [105, 106], [105, 107], [107, 108], [118, -1]], "missing_branches": [[107, 109], [118, 119]]}, "src/regtech_data_validator/create_schemas.py": {"executed_lines": [1, 4, 5, 6, 8, 9, 10, 14, 15, 18, 19, 20, 21, 23, 26, 27, 30, 31, 34, 39, 41, 42, 44, 46, 49, 55, 61, 62, 63, 64, 66, 68, 71, 79, 83, 86, 91, 99, 102, 113, 114, 115, 117, 118, 119, 120, 125, 126, 127, 129, 130, 131, 136, 141, 143, 145, 147, 148, 149, 151, 152, 154, 159, 161, 164, 165, 166, 167, 168, 169, 170, 172, 173, 176, 177, 179, 180, 182], "summary": {"covered_lines": 77, "num_statements": 80, "percent_covered": 94.0, "percent_covered_display": "94", "missing_lines": 3, "excluded_lines": 0, "num_branches": 20, "num_partial_branches": 3, "covered_branches": 17, "missing_branches": 3}, "missing_lines": [132, 137, 157], "excluded_lines": [], "executed_branches": [[19, 20], [19, 23], [41, 42], [41, 44], [125, 126], [125, 159], [129, 130], [129, 131], [131, 136], [136, 141], [145, 147], [165, 166], [165, 167], [169, 170], [169, 172], [179, 180], [179, 182]], "missing_branches": [[131, 132], [136, 137], [145, 157]]}, "src/regtech_data_validator/data/census/__init__.py": {"executed_lines": [], "summary": {"covered_lines": 0, "num_statements": 0, "percent_covered": 100.0, "percent_covered_display": "100", "missing_lines": 0, "excluded_lines": 0, "num_branches": 0, "num_partial_branches": 0, "covered_branches": 0, "missing_branches": 0}, "missing_lines": [], "excluded_lines": [], "executed_branches": [], "missing_branches": []}, "src/regtech_data_validator/data/naics/__init__.py": {"executed_lines": [], "summary": {"covered_lines": 0, "num_statements": 0, "percent_covered": 100.0, "percent_covered_display": "100", "missing_lines": 0, "excluded_lines": 0, "num_branches": 0, "num_partial_branches": 0, "covered_branches": 0, "missing_branches": 0}, "missing_lines": [], "excluded_lines": [], "executed_branches": [], "missing_branches": []}, "src/regtech_data_validator/data_formatters.py": {"executed_lines": [1, 2, 4, 7, 8, 9, 10, 11, 12, 13, 14, 15, 16, 17, 18, 19, 20, 21, 22, 23, 25, 26, 27, 28, 29, 30, 31, 32, 34, 35, 36, 37, 38, 53, 55, 58, 59, 60, 63, 64, 67, 69, 70, 74, 77, 78, 79, 81, 82, 84, 93, 95, 96, 97, 98, 100, 101, 102, 103, 105], "summary": {"covered_lines": 60, "num_statements": 60, "percent_covered": 100.0, "percent_covered_display": "100", "missing_lines": 0, "excluded_lines": 0, "num_branches": 18, "num_partial_branches": 0, "covered_branches": 18, "missing_branches": 0}, "missing_lines": [], "excluded_lines": [], "executed_branches": [[10, 11], [10, 34], [12, 13], [12, 34], [14, 15], [14, 32], [26, 27], [26, 31], [35, 36], [35, 38], [59, -58], [59, 60], [81, 82], [81, 103], [95, 81], [95, 96], [100, 95], [100, 101]], "missing_branches": []}, "src/regtech_data_validator/global_data.py": {"executed_lines": [1, 2, 4, 9, 10, 12, 13, 14, 18, 19, 21, 22, 23], "summary": {"covered_lines": 13, "num_statements": 13, "percent_covered": 100.0, "percent_covered_display": "100", "missing_lines": 0, "excluded_lines": 0, "num_branches": 8, "num_partial_branches": 0, "covered_branches": 8, "missing_branches": 0}, "missing_lines": [], "excluded_lines": [], "executed_branches": [[12, 13], [12, 18], [13, 12], [13, 14], [21, -1], [21, 22], [22, 21], [22, 23]], "missing_branches": []}, "src/regtech_data_validator/phase_validations.py": {"executed_lines": [1, 6, 8, 9, 32, 35, 36, 38], "summary": {"covered_lines": 7, "num_statements": 7, "percent_covered": 100.0, "percent_covered_display": "100", "missing_lines": 0, "excluded_lines": 0, "num_branches": 0, "num_partial_branches": 0, "covered_branches": 0, "missing_branches": 0}, "missing_lines": [], "excluded_lines": [], "executed_branches": [], "missing_branches": []},