{"coverage": 85.13189448441247, "raw_data": {"meta": {"version": "7.3.2", "timestamp": "2023-10-20T23:58:13.896617", "branch_coverage": true, "show_contexts": false}, "files": {"regtech_data_validator/__init__.py": {"executed_lines": [], "summary": {"covered_lines": 0, "num_statements": 0, "percent_covered": 100.0, "percent_covered_display": "100", "missing_lines": 0, "excluded_lines": 0, "num_branches": 0, "num_partial_branches": 0, "covered_branches": 0, "missing_branches": 0}, "missing_lines": [], "excluded_lines": [], "executed_branches": [], "missing_branches": []}, "regtech_data_validator/check_functions.py": {"executed_lines": [1, 15, 16, 17, 19, 22, 35, 37, 38, 40, 43, 62, 78, 80, 82, 83, 85, 86, 87, 90, 125, 126, 131, 132, 133, 134, 135, 136, 139, 145, 146, 148, 149, 150, 162, 165, 166, 167, 168, 169, 172, 195, 196, 197, 198, 203, 213, 221, 224, 225, 226, 229, 230, 231, 232, 234, 237, 243, 244, 245, 246, 248, 251, 252, 253, 254, 256, 259, 270, 271, 272, 273, 274, 279, 290, 291, 292, 293, 294, 296, 299, 302, 313, 315, 318, 323, 324, 325, 327, 328, 331, 336, 337, 342, 347, 352, 358, 361, 394, 395, 396, 397, 398, 401, 412, 413, 414, 415, 416, 417, 419, 422, 425, 436, 437, 440, 451, 452, 455, 467, 468, 471, 483, 484, 487, 499, 500, 503, 504, 507, 517, 518, 519, 520, 521, 524, 537, 538, 539, 546, 549, 554, 555, 557, 558, 561, 562, 564, 567, 573, 574, 575, 577, 580, 589, 592, 593, 596, 660, 661, 662, 677, 680, 697, 698, 699, 700, 701, 702, 703, 705, 707], "summary": {"covered_lines": 170, "num_statements": 184, "percent_covered": 90.83969465648855, "percent_covered_display": "91", "missing_lines": 14, "excluded_lines": 0, "num_branches": 78, "num_partial_branches": 0, "covered_branches": 68, "missing_branches": 10}, "missing_lines": [55, 59, 111, 113, 114, 116, 119, 121, 275, 276, 297, 298, 420, 421], "excluded_lines": [], "executed_branches": [[37, 38], [37, 40], [80, 82], [80, 85], [126, -126], [126, -125], [133, 134], [133, 136], [148, 149], [148, 162], [167, 168], [167, 169], [196, 197], [196, 221], [198, 203], [198, 213], [203, -203], [203, 196], [203, 203], [213, -213], [213, 196], [213, 213], [231, 232], [231, 234], [245, 246], [245, 248], [253, 254], [253, 256], [291, 292], [291, 299], [296, -296], [296, 291], [324, 325], [324, 327], [336, 337], [336, 358], [337, 337], [337, 342], [337, 347], [347, 336], [347, 347], [347, 352], [395, 396], [395, 398], [413, 414], [413, 422], [419, -419], [419, 413], [519, 520], [519, 521], [538, 539], [538, 546], [554, 555], [554, 564], [555, 557], [555, 561], [557, 554], [557, 558], [561, 554], [561, 562], [574, 575], [574, 593], [661, 662], [661, 677], [697, 698], [697, 707], [698, 699], [698, 700], [700, 701], [700, 702], [702, 703], [702, 705]], "missing_branches": [[55, -55], [55, 59], [113, 114], [113, 121], [114, 116], [114, 119], [298, -298], [298, 291], [421, -421], [421, 413]]}, "regtech_data_validator/checks.py": {"executed_lines": [1, 5, 6, 8, 9, 10, 13, 14, 15, 18, 19, 28, 40, 42, 44, 45, 47], "summary": {"covered_lines": 15, "num_statements": 15, "percent_covered": 100.0, "percent_covered_display": "100", "missing_lines": 0, "excluded_lines": 0, "num_branches": 2, "num_partial_branches": 0, "covered_branches": 2, "missing_branches": 0}, "missing_lines": [], "excluded_lines": [], "executed_branches": [[45, -18], [45, 44]], "missing_branches": []}, "regtech_data_validator/create_schemas.py": {"executed_lines": [1, 4, 5, 6, 8, 9, 10, 16, 17, 20, 21, 22, 23, 24, 27, 28, 31, 32, 35, 45, 46, 47, 48, 52, 53, 54, 56, 61, 66, 68, 69, 72, 75, 77, 79, 85, 89, 90, 91, 92, 93, 94, 96, 107, 109, 112, 113, 114, 115, 117, 118, 119, 121], "summary": {"covered_lines": 52, "num_statements": 54, "percent_covered": 93.24324324324324, "percent_covered_display": "93", "missing_lines": 2, "excluded_lines": 0, "num_branches": 20, "num_partial_branches": 3, "covered_branches": 17, "missing_branches": 3}, "missing_lines": [57, 62], "excluded_lines": [], "executed_branches": [[21, 22], [21, 24], [52, 53], [52, 109], [56, 61], [61, 66], [68, 69], [68, 72], [77, 79], [90, 91], [90, 96], [92, 93], [92, 94], [114, 115], [114, 117], [118, 119], [118, 121]], "missing_branches": [[56, 57], [61, 62], [77, 52]]}, "regtech_data_validator/data/census/__init__.py": {"executed_lines": [], "summary": {"covered_lines": 0, "num_statements": 0, "percent_covered": 100.0, "percent_covered_display": "100", "missing_lines": 0, "excluded_lines": 0, "num_branches": 0, "num_partial_branches": 0, "covered_branches": 0, "missing_branches": 0}, "missing_lines": [], "excluded_lines": [], "executed_branches": [], "missing_branches": []}, "regtech_data_validator/data/naics/__init__.py": {"executed_lines": [], "summary": {"covered_lines": 0, "num_statements": 0, "percent_covered": 100.0, "percent_covered_display": "100", "missing_lines": 0, "excluded_lines": 0, "num_branches": 0, "num_partial_branches": 0, "covered_branches": 0, "missing_branches": 0}, "missing_lines": [], "excluded_lines": [], "executed_branches": [], "missing_branches": []}, "regtech_data_validator/global_data.py": {"executed_lines": [1, 2, 6, 7, 9, 10, 11, 15, 16, 18, 19, 20], "summary": {"covered_lines": 12, "num_statements": 12, "percent_covered": 100.0, "percent_covered_display": "100", "missing_lines": 0, "excluded_lines": 0, "num_branches": 8, "num_partial_branches": 0, "covered_branches": 8, "missing_branches": 0}, "missing_lines": [], "excluded_lines": [], "executed_branches": [[9, 10], [9, 15], [10, 9], [10, 11], [18, -1], [18, 19], [19, 18], [19, 20]], "missing_branches": []}, "regtech_data_validator/main.py": {"executed_lines": [], "summary": {"covered_lines": 0, "num_statements": 25, "percent_covered": 0.0, "percent_covered_display": "0", "missing_lines": 25, "excluded_lines": 0, "num_branches": 8, "num_partial_branches": 0, "covered_branches": 0, "missing_branches": 8}, "missing_lines": [8, 9, 11, 13, 16, 17, 20, 26, 27, 29, 32, 33, 34, 35, 36, 37, 38, 39, 40, 41, 43, 45, 46, 49, 50], "excluded_lines": [], "executed_branches": [], "missing_branches": [[35, 36], [35, 37], [37, 38], [37, 39], [39, 40], [39, 43], [49, -1], [49, 50]]}, "regtech_data_validator/phase_validations.py": {"executed_lines": [1, 7, 8, 31, 34, 35], "summary": {"covered_lines": 5, "num_statements": 5, "percent_covered": 100.0, "percent_covered_display": "100", "missing_lines": 0, "excluded_lines": 0, "num_branches": 0, "num_partial_branches": 0, "covered_branches": 0, "missing_branches": 0}, "missing_lines": [], "excluded_lines": [], "executed_branches": [], "missing_branches": []}, "regtech_data_validator/schema_template.py": {"executed_lines": [1, 12, 13, 15, 17, 441, 449], "summary": {"covered_lines": 6, "num_statements": 6, "percent_covered": 100.0, "percent_covered_display": "100", "missing_lines": 0, "excluded_lines": 0, "num_branches": 0, "num_partial_branches": 0, "covered_branches": 0, "missing_branches": 0}, "missing_lines": [], "excluded_lines": [], "executed_branches": [], "missing_branches": []}}, "totals": {"covered_lines": 260, "num_statements": 301, "percent_covered": 85.13189448441247, "percent_covered_display": "85", "missing_lines": 41, "excluded_lines": 0, "num_branches": 116, "num_partial_branches": 3, "covered_branches": 95, "missing_branches": 21}}, "coverage_path": "."}