{"coverage": 94.50549450549451, "raw_data": {"meta": {"format": 2, "version": "7.4.1", "timestamp": "2024-01-31T23:56:28.279579", "branch_coverage": true, "show_contexts": false}, "files": {"regtech_data_validator/__init__.py": {"executed_lines": [], "summary": {"covered_lines": 0, "num_statements": 0, "percent_covered": 100.0, "percent_covered_display": "100", "missing_lines": 0, "excluded_lines": 0, "num_branches": 0, "num_partial_branches": 0, "covered_branches": 0, "missing_branches": 0}, "missing_lines": [], "excluded_lines": [], "executed_branches": [], "missing_branches": []}, "regtech_data_validator/check_functions.py": {"executed_lines": [1, 14, 15, 16, 18, 21, 34, 36, 37, 39, 42, 61, 77, 79, 81, 82, 84, 85, 86, 89, 124, 125, 130, 131, 132, 133, 134, 135, 138, 144, 145, 147, 148, 149, 161, 164, 165, 166, 167, 168, 171, 194, 195, 196, 197, 202, 212, 220, 223, 224, 225, 228, 229, 230, 231, 233, 236, 242, 243, 244, 245, 247, 250, 251, 252, 253, 255, 258, 269, 270, 271, 272, 273, 278, 289, 290, 291, 292, 293, 295, 298, 301, 312, 314, 317, 322, 323, 324, 326, 327, 330, 335, 336, 341, 346, 351, 357, 360, 393, 394, 395, 396, 397, 400, 411, 412, 413, 414, 415, 416, 418, 421, 424, 435, 436, 439, 450, 451, 454, 466, 467, 470, 482, 483, 486, 498, 499, 502, 503, 506, 516, 517, 518, 519, 520, 523, 536, 537, 538, 545, 548, 553, 554, 556, 557, 560, 561, 563, 566, 572, 573, 574, 576, 579, 588, 591, 592, 595, 659, 660, 661, 676, 679, 696, 697, 698, 699, 700, 701, 702, 704, 706], "summary": {"covered_lines": 170, "num_statements": 184, "percent_covered": 90.83969465648855, "percent_covered_display": "91", "missing_lines": 14, "excluded_lines": 0, "num_branches": 78, "num_partial_branches": 0, "covered_branches": 68, "missing_branches": 10}, "missing_lines": [54, 58, 110, 112, 113, 115, 118, 120, 274, 275, 296, 297, 419, 420], "excluded_lines": [], "executed_branches": [[36, 37], [36, 39], [79, 81], [79, 84], [125, -125], [125, -124], [132, 133], [132, 135], [147, 148], [147, 161], [166, 167], [166, 168], [195, 196], [195, 220], [197, 202], [197, 212], [202, -202], [202, 195], [202, 202], [212, -212], [212, 195], [212, 212], [230, 231], [230, 233], [244, 245], [244, 247], [252, 253], [252, 255], [290, 291], [290, 298], [295, -295], [295, 290], [323, 324], [323, 326], [335, 336], [335, 357], [336, 336], [336, 341], [336, 346], [346, 335], [346, 346], [346, 351], [394, 395], [394, 397], [412, 413], [412, 421], [418, -418], [418, 412], [518, 519], [518, 520], [537, 538], [537, 545], [553, 554], [553, 563], [554, 556], [554, 560], [556, 553], [556, 557], [560, 553], [560, 561], [573, 574], [573, 592], [660, 661], [660, 676], [696, 697], [696, 706], [697, 698], [697, 699], [699, 700], [699, 701], [701, 702], [701, 704]], "missing_branches": [[54, -54], [54, 58], [112, 113], [112, 120], [113, 115], [113, 118], [297, -297], [297, 290], [420, -420], [420, 412]]}, "regtech_data_validator/checks.py": {"executed_lines": [1, 5, 6, 8, 9, 10, 13, 14, 15, 18, 19, 28, 40, 42, 44, 45, 47], "summary": {"covered_lines": 15, "num_statements": 15, "percent_covered": 100.0, "percent_covered_display": "100", "missing_lines": 0, "excluded_lines": 0, "num_branches": 2, "num_partial_branches": 0, "covered_branches": 2, "missing_branches": 0}, "missing_lines": [], "excluded_lines": [], "executed_branches": [[45, -18], [45, 44]], "missing_branches": []}, "regtech_data_validator/cli.py": {"executed_lines": [1, 2, 3, 4, 5, 7, 8, 9, 11, 14, 17, 18, 19, 20, 23, 24, 26, 27, 29, 32, 33, 34, 35, 36, 39, 40, 41, 44, 45, 48, 50, 51, 55, 58, 59, 60, 62, 63, 65, 74, 76, 77, 78, 80, 81, 82, 84, 86, 89, 90, 95, 98, 99, 125, 126, 127, 129, 130, 132, 133, 134, 136, 137, 138, 139, 140, 141, 142, 143, 144, 148, 151, 154], "summary": {"covered_lines": 73, "num_statements": 76, "percent_covered": 95.28301886792453, "percent_covered_display": "95", "missing_lines": 3, "excluded_lines": 0, "num_branches": 30, "num_partial_branches": 2, "covered_branches": 28, "missing_branches": 2}, "missing_lines": [145, 146, 155], "excluded_lines": [], "executed_branches": [[17, 18], [17, 19], [26, 27], [26, 29], [40, -39], [40, 41], [62, 63], [62, 84], [76, 62], [76, 77], [80, 76], [80, 81], [90, 89], [90, 98], [99, 98], [99, 99], [99, 154], [125, -125], [125, 125], [125, 126], [132, 133], [132, 148], [137, 138], [137, 139], [139, 140], [139, 141], [141, 142], [141, 143], [143, 144], [154, -1]], "missing_branches": [[143, 145], [154, 155]]}, "regtech_data_validator/create_schemas.py": {"executed_lines": [1, 4, 5, 6, 8, 9, 10, 14, 15, 18, 19, 20, 21, 23, 26, 27, 30, 31, 34, 39, 41, 42, 44, 46, 49, 55, 60, 61, 63, 66, 74, 78, 81, 86, 93, 96, 107, 108, 109, 111, 112, 113, 114, 119, 120, 121, 123, 128, 133, 135, 137, 139, 140, 141, 143, 144, 146, 151, 154, 155, 157, 158, 160], "summary": {"covered_lines": 62, "num_statements": 65, "percent_covered": 92.40506329113924, "percent_covered_display": "92", "missing_lines": 3, "excluded_lines": 0, "num_branches": 14, "num_partial_branches": 3, "covered_branches": 11, "missing_branches": 3}, "missing_lines": [124, 129, 149], "excluded_lines": [], "executed_branches": [[19, 20], [19, 23], [41, 42], [41, 44], [119, 120], [119, 151], [123, 128], [128, 133], [137, 139], [157, 158], [157, 160]], "missing_branches": [[123, 124], [128, 129], [137, 149]]}, "regtech_data_validator/data/census/__init__.py": {"executed_lines": [], "summary": {"covered_lines": 0, "num_statements": 0, "percent_covered": 100.0, "percent_covered_display": "100", "missing_lines": 0, "excluded_lines": 0, "num_branches": 0, "num_partial_branches": 0, "covered_branches": 0, "missing_branches": 0}, "missing_lines": [], "excluded_lines": [], "executed_branches": [], "missing_branches": []}, "regtech_data_validator/data/naics/__init__.py": {"executed_lines": [], "summary": {"covered_lines": 0, "num_statements": 0, "percent_covered": 100.0, "percent_covered_display": "100", "missing_lines": 0, "excluded_lines": 0, "num_branches": 0, "num_partial_branches": 0, "covered_branches": 0, "missing_branches": 0}, "missing_lines": [], "excluded_lines": [], "executed_branches": [], "missing_branches": []}, "regtech_data_validator/global_data.py": {"executed_lines": [1, 2, 6, 7, 9, 10, 11, 15, 16, 18, 19, 20], "summary": {"covered_lines": 12, "num_statements": 12, "percent_covered": 100.0, "percent_covered_display": "100", "missing_lines": 0, "excluded_lines": 0, "num_branches": 8, "num_partial_branches": 0, "covered_branches": 8, "missing_branches": 0}, "missing_lines": [], "excluded_lines": [], "executed_branches": [[9, 10], [9, 15], [10, 9], [10, 11], [18, -1], [18, 19], [19, 18], [19, 20]], "missing_branches": []}, "regtech_data_validator/phase_validations.py": {"executed_lines": [1, 6, 7, 30, 33, 34, 36], "summary": {"covered_lines": 6, "num_statements": 6, "percent_covered": 100.0, "percent_covered_display": "100", "missing_lines": 0, "excluded_lines": 0, "num_branches": 0, "num_partial_branches": 0, "covered_branches": 0, "missing_branches": 0}, "missing_lines": [], "excluded_lines": [], "executed_branches": [], "missing_branches": []}, "regtech_data_validator/schema_template.py": {"executed_lines": [1, 12, 13, 15, 17, 441, 449], "summary": {"covered_lines": 6, "num_statements": 6, "percent_covered": 100.0, "percent_covered_display": "100", "missing_lines": 0, "excluded_lines": 0, "num_branches": 0, "num_partial_branches": 0, "covered_branches": 0, "missing_branches": 0}, "missing_lines": [], "excluded_lines": [], "executed_branches": [], "missing_branches": []}}, "totals": {"covered_lines": 344, "num_statements": 364, "percent_covered": 92.94354838709677, "percent_covered_display": "93", "missing_lines": 20, "excluded_lines": 0, "num_branches": 132, "num_partial_branches": 5, "covered_branches": 117, "missing_branches": 15}}, "coverage_path": "."}