{"coverage": 82.2654462242563, "raw_data": {"meta": {"version": "7.3.1", "timestamp": "2023-09-21T14:37:06.684826", "branch_coverage": true, "show_contexts": false}, "files": {"src/tests/__init__.py": {"executed_lines": [1, 2, 4, 6], "summary": {"covered_lines": 4, "num_statements": 4, "percent_covered": 100.0, "percent_covered_display": "100", "missing_lines": 0, "excluded_lines": 0, "num_branches": 0, "num_partial_branches": 0, "covered_branches": 0, "missing_branches": 0}, "missing_lines": [], "excluded_lines": [], "executed_branches": [], "missing_branches": []}, "src/tests/test_check_functions.py": {"executed_lines": [1, 3, 4, 26, 27, 28, 29, 30, 31, 32, 33, 35, 36, 38, 39, 41, 42, 44, 45, 47, 48, 50, 51, 53, 54, 57, 58, 59, 61, 62, 63, 65, 66, 69, 70, 71, 73, 74, 76, 77, 79, 80, 82, 83, 85, 86, 88, 89, 92, 93, 94, 96, 97, 98, 100, 101, 104, 105, 107, 109, 111, 113, 115, 116, 117, 119, 120, 121, 123, 124, 125, 127, 128, 129, 131, 132, 133, 135, 136, 137, 139, 140, 141, 143, 144, 145, 147, 148, 149, 151, 152, 155, 157, 160, 162, 163, 166, 168, 171, 173, 174, 179, 181, 182, 184, 185, 190, 192, 193, 196, 197, 198, 199, 200, 202, 203, 204, 205, 207, 208, 209, 210, 212, 213, 214, 215, 218, 219, 220, 221, 222, 224, 225, 226, 228, 229, 230, 231, 233, 234, 235, 236, 238, 239, 240, 242, 243, 244, 245, 247, 248, 249, 250, 252, 253, 254, 255, 257, 258, 259, 260, 262, 263, 264, 265, 268, 269, 271, 272, 274, 275, 278, 279, 280, 281, 283, 287, 288, 290, 291, 295, 296, 297, 298, 300, 301, 302, 305, 306, 307, 323, 325, 327, 331, 334, 336, 337, 341, 344, 354, 369, 370, 372, 373, 376, 377, 378, 379, 381, 382, 398, 400, 402, 406, 409, 411, 412, 416, 419, 429, 444, 445, 447, 448, 451, 452, 453, 454, 457, 458, 459, 460, 462, 463, 464, 466, 467, 468, 470, 471, 472, 475, 476, 477, 478, 479, 480, 481, 483, 484, 485, 486, 487, 488, 490, 491, 492, 493, 494, 495, 497, 498, 499, 500, 501, 502, 505, 506, 507, 509, 510, 512, 513, 515, 516, 517, 519, 520, 521, 524, 525, 526, 528, 529, 531, 532, 534, 535, 536, 538, 539, 540, 543, 544, 545, 547, 548, 550, 551, 553, 554, 555, 557, 558, 559, 562, 563, 564, 565, 566, 568, 569, 570, 571, 573, 574, 576, 577, 580, 581, 582, 584, 585, 586, 589, 590, 591, 592, 593, 594, 596, 597, 598, 600, 601, 602, 604, 605, 606, 608, 609, 610, 612, 613, 615, 623, 624, 626, 628, 629, 630, 633, 634, 635, 636, 641, 642, 643, 644, 646, 647, 648, 653, 654, 655, 656, 658, 659, 660, 668, 669, 670, 671, 673, 674, 675, 683, 684, 685, 686, 688, 689, 690, 696, 697, 698, 699, 701, 702, 703, 709, 710, 711, 712, 714, 715, 716, 724, 725, 726, 727, 730, 731, 734, 735, 737, 746, 748, 756, 758, 767, 770, 771, 773, 774, 776, 784, 786], "summary": {"covered_lines": 418, "num_statements": 418, "percent_covered": 100.0, "percent_covered_display": "100", "missing_lines": 0, "excluded_lines": 0, "num_branches": 0, "num_partial_branches": 0, "covered_branches": 0, "missing_branches": 0}, "missing_lines": [], "excluded_lines": [], "executed_branches": [], "missing_branches": []}, "src/tests/test_checks.py": {"executed_lines": [1, 3, 6, 7, 8, 9, 11, 12, 14, 15, 16, 18, 19, 21, 22, 23, 24, 27], "summary": {"covered_lines": 18, "num_statements": 20, "percent_covered": 83.33333333333333, "percent_covered_display": "83", "missing_lines": 2, "excluded_lines": 0, "num_branches": 10, "num_partial_branches": 3, "covered_branches": 7, "missing_branches": 3}, "missing_lines": [25, 26], "excluded_lines": [], "executed_branches": [[8, 9], [8, 11], [9, 8], [15, 16], [15, 18], [16, 15], [24, 27]], "missing_branches": [[9, -9], [16, -16], [24, -24]]}, "src/tests/test_global_data.py": {"executed_lines": [1, 3, 6, 7, 8, 9, 11, 12, 13, 15, 16, 17, 18, 19, 21, 22, 23, 24, 25], "summary": {"covered_lines": 19, "num_statements": 19, "percent_covered": 100.0, "percent_covered_display": "100", "missing_lines": 0, "excluded_lines": 0, "num_branches": 4, "num_partial_branches": 0, "covered_branches": 4, "missing_branches": 0}, "missing_lines": [], "excluded_lines": [], "executed_branches": [[17, 18], [17, 19], [23, 24], [23, 25]], "missing_branches": []}, "src/validator/__init__.py": {"executed_lines": [1, 2, 4, 5], "summary": {"covered_lines": 4, "num_statements": 4, "percent_covered": 100.0, "percent_covered_display": "100", "missing_lines": 0, "excluded_lines": 0, "num_branches": 0, "num_partial_branches": 0, "covered_branches": 0, "missing_branches": 0}, "missing_lines": [], "excluded_lines": [], "executed_branches": [], "missing_branches": []}, "src/validator/check_functions.py": {"executed_lines": [1, 15, 16, 17, 19, 22, 35, 37, 38, 40, 43, 62, 78, 80, 82, 83, 85, 86, 87, 90, 125, 126, 131, 132, 133, 134, 135, 136, 139, 145, 146, 148, 149, 150, 162, 165, 166, 167, 168, 169, 172, 195, 196, 197, 198, 203, 213, 221, 224, 225, 226, 229, 230, 231, 232, 234, 237, 243, 244, 245, 246, 248, 251, 252, 253, 254, 256, 259, 279, 302, 313, 315, 318, 323, 324, 325, 327, 328, 331, 336, 337, 342, 347, 352, 361, 394, 395, 396, 397, 398, 401, 425, 436, 437, 440, 451, 452, 455, 467, 468, 471, 483, 484, 487, 499, 500, 503, 504, 507, 517, 518, 519, 520, 521, 524, 537, 538, 539, 546, 549, 554, 555, 557, 558, 561, 562, 564, 567, 573, 574, 575, 577, 580, 589, 592, 593, 596, 660, 661, 662, 677, 680, 697, 698, 699, 700, 701, 702, 703, 705], "summary": {"covered_lines": 148, "num_statements": 184, "percent_covered": 78.62595419847328, "percent_covered_display": "79", "missing_lines": 36, "excluded_lines": 0, "num_branches": 78, "num_partial_branches": 2, "covered_branches": 58, "missing_branches": 20}, "missing_lines": [55, 59, 111, 113, 114, 116, 119, 121, 270, 271, 272, 273, 274, 275, 276, 290, 291, 292, 293, 294, 296, 297, 298, 299, 358, 412, 413, 414, 415, 416, 417, 419, 420, 421, 422, 707], "excluded_lines": [], "executed_branches": [[37, 38], [37, 40], [80, 82], [80, 85], [126, -126], [126, -125], [133, 134], [133, 136], [148, 149], [148, 162], [167, 168], [167, 169], [196, 197], [196, 221], [198, 203], [198, 213], [203, -203], [203, 196], [203, 203], [213, -213], [213, 196], [213, 213], [231, 232], [231, 234], [245, 246], [245, 248], [253, 254], [253, 256], [324, 325], [324, 327], [336, 337], [337, 337], [337, 342], [337, 347], [347, 336], [347, 347], [347, 352], [395, 396], [395, 398], [519, 520], [519, 521], [538, 539], [538, 546], [554, 555], [554, 564], [555, 557], [555, 561], [557, 554], [557, 558], [561, 554], [561, 562], [574, 575], [574, 593], [661, 662], [661, 677], [697, 698], [698, 699], [698, 700], [700, 701], [700, 702], [702, 703], [702, 705]], "missing_branches": [[55, -55], [55, 59], [113, 114], [113, 121], [114, 116], [114, 119], [291, 292], [291, 299], [296, -296], [296, 291], [298, -298], [298, 291], [336, 358], [413, 414], [413, 422], [419, -419], [419, 413], [421, -421], [421, 413], [697, 707]]}, "src/validator/checks.py": {"executed_lines": [1, 27, 29, 30, 31, 34, 35, 43, 60, 62, 63, 66, 68, 70, 71], "summary": {"covered_lines": 13, "num_statements": 14, "percent_covered": 94.44444444444444, "percent_covered_display": "94", "missing_lines": 1, "excluded_lines": 0, "num_branches": 4, "num_partial_branches": 0, "covered_branches": 4, "missing_branches": 0}, "missing_lines": [73], "excluded_lines": [], "executed_branches": [[62, 63], [62, 66], [71, -34], [71, 70]], "missing_branches": []}, "src/validator/create_schemas.py": {"executed_lines": [], "summary": {"covered_lines": 0, "num_statements": 29, "percent_covered": 0.0, "percent_covered_display": "0", "missing_lines": 29, "excluded_lines": 0, "num_branches": 4, "num_partial_branches": 0, "covered_branches": 0, "missing_branches": 4}, "missing_lines": [4, 5, 6, 7, 12, 13, 16, 17, 18, 19, 20, 23, 24, 26, 27, 31, 32, 33, 35, 36, 37, 39, 41, 42, 43, 46, 47, 50, 51], "excluded_lines": [], "executed_branches": [], "missing_branches": [[17, 18], [17, 20], [24, -23], [24, 26]]}, "src/validator/global_data.py": {"executed_lines": [1, 2, 4, 6, 7, 9, 11, 14, 17, 22, 23, 24, 25, 28, 33, 34, 35, 36], "summary": {"covered_lines": 18, "num_statements": 18,