{"coverage": 95.88550983899822, "raw_data": {"meta": {"format": 2, "version": "7.5.3", "timestamp": "2024-06-07T18:20:58.732070", "branch_coverage": true, "show_contexts": false}, "files": {"src/regtech_data_validator/__init__.py": {"executed_lines": [], "summary": {"covered_lines": 0, "num_statements": 0, "percent_covered": 100.0, "percent_covered_display": "100", "missing_lines": 0, "excluded_lines": 0, "num_branches": 0, "num_partial_branches": 0, "covered_branches": 0, "missing_branches": 0}, "missing_lines": [], "excluded_lines": [], "executed_branches": [], "missing_branches": []}, "src/regtech_data_validator/check_functions.py": {"executed_lines": [1, 14, 15, 16, 18, 19, 22, 35, 37, 38, 40, 43, 44, 45, 46, 47, 48, 51, 70, 86, 88, 90, 91, 93, 94, 95, 98, 133, 134, 139, 140, 141, 142, 143, 144, 147, 153, 154, 156, 157, 158, 170, 173, 174, 175, 176, 177, 180, 203, 204, 205, 206, 211, 221, 229, 232, 233, 234, 237, 238, 239, 240, 242, 245, 251, 252, 253, 254, 256, 259, 260, 261, 262, 264, 267, 278, 279, 280, 281, 282, 287, 298, 299, 300, 301, 302, 304, 307, 310, 321, 323, 326, 331, 332, 333, 335, 336, 339, 344, 345, 350, 355, 360, 366, 369, 402, 403, 404, 405, 406, 409, 420, 421, 422, 423, 424, 425, 427, 430, 433, 444, 445, 448, 459, 460, 463, 464, 467, 468, 471, 472, 475, 476, 479, 489, 490, 491, 492, 493, 496, 509, 510, 511, 518, 521, 526, 527, 529, 530, 533, 534, 536, 539, 545, 546, 547, 549, 552, 561, 564, 565, 568, 632, 633, 634, 649, 652, 669, 670, 671, 672, 673, 674, 675, 677, 679], "summary": {"covered_lines": 175, "num_statements": 189, "percent_covered": 91.14391143911439, "percent_covered_display": "91", "missing_lines": 14, "excluded_lines": 0, "num_branches": 82, "num_partial_branches": 0, "covered_branches": 72, "missing_branches": 10}, "missing_lines": [63, 67, 119, 121, 122, 124, 127, 129, 283, 284, 305, 306, 428, 429], "excluded_lines": [], "executed_branches": [[37, 38], [37, 40], [44, 45], [44, 46], [46, 47], [46, 48], [88, 90], [88, 93], [134, -134], [134, -133], [141, 142], [141, 144], [156, 157], [156, 170], [175, 176], [175, 177], [204, 205], [204, 229], [206, 211], [206, 221], [211, -211], [211, 204], [211, 211], [221, -221], [221, 204], [221, 221], [239, 240], [239, 242], [253, 254], [253, 256], [261, 262], [261, 264], [299, 300], [299, 307], [304, -304], [304, 299], [332, 333], [332, 335], [344, 345], [344, 366], [345, 345], [345, 350], [345, 355], [355, 344], [355, 355], [355, 360], [403, 404], [403, 406], [421, 422], [421, 430], [427, -427], [427, 421], [491, 492], [491, 493], [510, 511], [510, 518], [526, 527], [526, 536], [527, 529], [527, 533], [529, 526], [529, 530], [533, 526], [533, 534], [546, 547], [546, 565], [633, 634], [633, 649], [669, 670], [669, 679], [670, 671], [670, 672], [672, 673], [672, 674], [674, 675], [674, 677]], "missing_branches": [[63, -63], [63, 67], [121, 122], [121, 129], [122, 124], [122, 127], [306, -306], [306, 299], [429, -429], [429, 421]]}, "src/regtech_data_validator/checks.py": {"executed_lines": [1, 5, 6, 8, 9, 10, 13, 14, 15, 18, 19, 28, 50, 51, 52, 54, 56, 57, 59], "summary": {"covered_lines": 17, "num_statements": 17, "percent_covered": 100.0, "percent_covered_display": "100", "missing_lines": 0, "excluded_lines": 0, "num_branches": 2, "num_partial_branches": 0, "covered_branches": 2, "missing_branches": 0}, "missing_lines": [], "excluded_lines": [], "executed_branches": [[57, -18], [57, 56]], "missing_branches": []}, "src/regtech_data_validator/cli.py": {"executed_lines": [1, 2, 3, 4, 5, 7, 8, 9, 11, 19, 21, 24, 25, 26, 27, 30, 31, 33, 34, 36, 39, 40, 41, 42, 43, 44, 47, 48, 53, 56, 57, 83, 84, 85, 86, 89, 91, 92, 93, 94, 95, 96, 97, 98, 99, 106, 107, 108, 109, 110, 111, 112, 113, 114, 115, 116, 120, 126, 129], "summary": {"covered_lines": 59, "num_statements": 64, "percent_covered": 91.86046511627907, "percent_covered_display": "92", "missing_lines": 5, "excluded_lines": 0, "num_branches": 22, "num_partial_branches": 2, "covered_branches": 20, "missing_branches": 2}, "missing_lines": [87, 88, 117, 118, 130], "excluded_lines": [], "executed_branches": [[24, 25], [24, 26], [33, 34], [33, 36], [48, 47], [48, 56], [57, 56], [57, 57], [57, 129], [95, 96], [95, 120], [107, 108], [107, 109], [109, 110], [109, 111], [111, 112], [111, 113], [113, 114], [113, 115], [115, 116], [129, -1]], "missing_branches": [[115, 117], [129, 130]]}, "src/regtech_data_validator/create_schemas.py": {"executed_lines": [1, 4, 5, 6, 7, 9, 10, 11, 12, 15, 16, 19, 20, 21, 22, 24, 27, 28, 31, 32, 35, 41, 43, 44, 46, 47, 50, 56, 62, 63, 64, 65, 67, 69, 72, 80, 84, 87, 88, 89, 92, 103, 104, 105, 106, 108, 109, 110, 111, 112, 116, 117, 118, 119, 120, 121, 122, 124, 125, 126, 131, 135, 136, 138, 140, 141, 142, 143, 144, 148, 150, 151, 158, 161, 162, 163, 169, 170, 173, 176, 178, 179, 181, 184, 185, 188, 189, 192, 195, 196, 197, 205, 217, 218, 219, 225, 226, 231, 232, 235, 236, 237, 240, 241, 242, 243, 245, 246, 247, 248, 249], "summary": {"covered_lines": 110, "num_statements": 113, "percent_covered": 95.23809523809524, "percent_covered_display": "95", "missing_lines": 3, "excluded_lines": 0, "num_branches": 34, "num_partial_branches": 4, "covered_branches": 30, "missing_branches": 4}, "missing_lines": [127, 132, 147], "excluded_lines": [], "executed_branches": [[20, 21], [20, 24], [43, 44], [43, 46], [118, 119], [118, 120], [120, 121], [120, 148], [124, 125], [124, 126], [126, 131], [131, 135], [138, 140], [162, 163], [162, 169], [178, 179], [178, 181], [231, 232], [232, 235], [232, 245], [235, 232], [235, 236], [236, 237], [236, 240], [240, 241], [240, 242], [242, 235], [242, 243], [245, 246], [245, 249]], "missing_branches": [[126, 127], [131, 132], [138, 147], [231, 245]]}, "src/regtech_data_validator/data/census/__init__.py": {"executed_lines": [], "summary": {"covered_lines": 0, "num_statements": 0, "percent_covered": 100.0, "percent_covered_display": "100", "missing_lines": 0, "excluded_lines": 0, "num_branches": 0, "num_partial_branches": 0, "covered_branches": 0, "missing_branches": 0}, "missing_lines": [], "excluded_lines": [], "executed_branches": [], "missing_branches": []}, "src/regtech_data_validator/data/naics/__init__.py": {"executed_lines": [], "summary": {"covered_lines": 0, "num_statements": 0, "percent_covered": 100.0, "percent_covered_display": "100", "missing_lines": 0, "excluded_lines": 0, "num_branches": 0, "num_partial_branches": 0, "covered_branches": 0, "missing_branches": 0}, "missing_lines": [], "excluded_lines": [], "executed_branches": [], "missing_branches": []}, "src/regtech_data_validator/data_formatters.py": {"executed_lines": [1, 2, 3, 4, 6, 8, 9, 12, 13, 21, 22, 23, 26, 27, 28, 30, 32, 33, 34, 35, 37, 38, 47, 57, 59, 60, 61, 62, 63, 65, 72, 73, 74, 75, 76, 78, 79, 80, 81, 82, 83, 84, 85, 87, 100, 101, 103, 104, 105, 106, 107, 109, 110, 112, 113, 116, 117, 118, 121, 122, 125, 127, 128, 132, 135, 136, 139, 146, 148, 149, 150, 151, 152, 154, 155, 156, 157, 158, 159, 162, 163, 164, 165, 166, 167, 170, 174, 175, 176, 177, 178, 180, 181, 182, 187, 188, 191, 192, 196, 197, 198, 199, 201, 202, 207, 208, 209, 210, 211, 214, 215, 216, 217, 218, 219, 221, 222, 231, 242, 243, 244, 245, 246, 247, 248, 250, 251, 252, 254], "summary": {"covered_lines": 129, "num_statements": 130, "percent_covered": 96.19565217391305, "percent_covered_display": "96", "missing_lines": 1, "excluded_lines": 0, "num_branches": 54, "num_partial_branches": 6, "covered_branches": 48, "missing_branches": 6}, "missing_lines": [193], "excluded_lines": [],