{"coverage": 94.7867298578199, "raw_data": {"meta": {"format": 2, "version": "7.5.0", "timestamp": "2024-04-30T17:54:39.224914", "branch_coverage": true, "show_contexts": false}, "files": {"src/regtech_data_validator/__init__.py": {"executed_lines": [], "summary": {"covered_lines": 0, "num_statements": 0, "percent_covered": 100.0, "percent_covered_display": "100", "missing_lines": 0, "excluded_lines": 0, "num_branches": 0, "num_partial_branches": 0, "covered_branches": 0, "missing_branches": 0}, "missing_lines": [], "excluded_lines": [], "executed_branches": [], "missing_branches": []}, "src/regtech_data_validator/check_functions.py": {"executed_lines": [1, 14, 15, 16, 18, 19, 22, 35, 37, 38, 40, 43, 44, 45, 46, 47, 48, 51, 70, 86, 88, 90, 91, 93, 94, 95, 98, 133, 134, 139, 140, 141, 142, 143, 144, 147, 153, 154, 156, 157, 158, 170, 173, 174, 175, 176, 177, 180, 203, 204, 205, 206, 211, 221, 229, 232, 233, 234, 237, 238, 239, 240, 242, 245, 251, 252, 253, 254, 256, 259, 260, 261, 262, 264, 267, 278, 279, 280, 281, 282, 287, 298, 299, 300, 301, 302, 304, 307, 310, 321, 323, 326, 331, 332, 333, 335, 336, 339, 344, 345, 350, 355, 360, 366, 369, 402, 403, 404, 405, 406, 409, 420, 421, 422, 423, 424, 425, 427, 430, 433, 444, 445, 448, 459, 460, 463, 464, 467, 468, 471, 472, 475, 476, 479, 489, 490, 491, 492, 493, 496, 509, 510, 511, 518, 521, 526, 527, 529, 530, 533, 534, 536, 539, 545, 546, 547, 549, 552, 561, 564, 565, 568, 632, 633, 634, 649, 652, 669, 670, 671, 672, 673, 674, 675, 677, 679], "summary": {"covered_lines": 174, "num_statements": 188, "percent_covered": 91.11111111111111, "percent_covered_display": "91", "missing_lines": 14, "excluded_lines": 0, "num_branches": 82, "num_partial_branches": 0, "covered_branches": 72, "missing_branches": 10}, "missing_lines": [63, 67, 119, 121, 122, 124, 127, 129, 283, 284, 305, 306, 428, 429], "excluded_lines": [], "executed_branches": [[37, 38], [37, 40], [44, 45], [44, 46], [46, 47], [46, 48], [88, 90], [88, 93], [134, -134], [134, -133], [141, 142], [141, 144], [156, 157], [156, 170], [175, 176], [175, 177], [204, 205], [204, 229], [206, 211], [206, 221], [211, -211], [211, 204], [211, 211], [221, -221], [221, 204], [221, 221], [239, 240], [239, 242], [253, 254], [253, 256], [261, 262], [261, 264], [299, 300], [299, 307], [304, -304], [304, 299], [332, 333], [332, 335], [344, 345], [344, 366], [345, 345], [345, 350], [345, 355], [355, 344], [355, 355], [355, 360], [403, 404], [403, 406], [421, 422], [421, 430], [427, -427], [427, 421], [491, 492], [491, 493], [510, 511], [510, 518], [526, 527], [526, 536], [527, 529], [527, 533], [529, 526], [529, 530], [533, 526], [533, 534], [546, 547], [546, 565], [633, 634], [633, 649], [669, 670], [669, 679], [670, 671], [670, 672], [672, 673], [672, 674], [674, 675], [674, 677]], "missing_branches": [[63, -63], [63, 67], [121, 122], [121, 129], [122, 124], [122, 127], [306, -306], [306, 299], [429, -429], [429, 421]]}, "src/regtech_data_validator/checks.py": {"executed_lines": [1, 5, 6, 8, 9, 10, 13, 14, 15, 18, 19, 28, 50, 51, 52, 54, 56, 57, 59], "summary": {"covered_lines": 17, "num_statements": 17, "percent_covered": 100.0, "percent_covered_display": "100", "missing_lines": 0, "excluded_lines": 0, "num_branches": 2, "num_partial_branches": 0, "covered_branches": 2, "missing_branches": 0}, "missing_lines": [], "excluded_lines": [], "executed_branches": [[57, -18], [57, 56]], "missing_branches": []}, "src/regtech_data_validator/cli.py": {"executed_lines": [1, 2, 3, 4, 5, 7, 8, 9, 11, 19, 21, 24, 25, 26, 27, 30, 31, 33, 34, 36, 39, 40, 41, 42, 43, 44, 47, 48, 53, 56, 57, 83, 84, 85, 86, 89, 91, 92, 94, 95, 96, 98, 99, 100, 101, 102, 103, 104, 105, 106, 107, 108, 112, 115, 118], "summary": {"covered_lines": 55, "num_statements": 60, "percent_covered": 91.46341463414635, "percent_covered_display": "91", "missing_lines": 5, "excluded_lines": 0, "num_branches": 22, "num_partial_branches": 2, "covered_branches": 20, "missing_branches": 2}, "missing_lines": [87, 88, 109, 110, 119], "excluded_lines": [], "executed_branches": [[24, 25], [24, 26], [33, 34], [33, 36], [48, 47], [48, 56], [57, 56], [57, 57], [57, 118], [94, 95], [94, 112], [99, 100], [99, 101], [101, 102], [101, 103], [103, 104], [103, 105], [105, 106], [105, 107], [107, 108], [118, -1]], "missing_branches": [[107, 109], [118, 119]]}, "src/regtech_data_validator/create_schemas.py": {"executed_lines": [1, 4, 5, 6, 8, 9, 10, 12, 15, 16, 17, 21, 22, 25, 26, 27, 28, 30, 33, 34, 37, 38, 41, 47, 49, 50, 52, 53, 56, 62, 68, 69, 70, 71, 73, 75, 78, 86, 90, 93, 98, 107, 110, 121, 122, 123, 125, 126, 127, 128, 133, 134, 135, 137, 138, 139, 144, 149, 151, 153, 155, 156, 157, 159, 160, 162, 167, 169, 172, 173, 174, 175, 176, 177, 178, 180, 181, 184, 185, 187, 188, 190, 191], "summary": {"covered_lines": 82, "num_statements": 85, "percent_covered": 94.28571428571429, "percent_covered_display": "94", "missing_lines": 3, "excluded_lines": 0, "num_branches": 20, "num_partial_branches": 3, "covered_branches": 17, "missing_branches": 3}, "missing_lines": [140, 145, 165], "excluded_lines": [], "executed_branches": [[26, 27], [26, 30], [49, 50], [49, 52], [133, 134], [133, 167], [137, 138], [137, 139], [139, 144], [144, 149], [153, 155], [173, 174], [173, 175], [177, 178], [177, 180], [187, 188], [187, 190]], "missing_branches": [[139, 140], [144, 145], [153, 165]]}, "src/regtech_data_validator/data/census/__init__.py": {"executed_lines": [], "summary": {"covered_lines": 0, "num_statements": 0, "percent_covered": 100.0, "percent_covered_display": "100", "missing_lines": 0, "excluded_lines": 0, "num_branches": 0, "num_partial_branches": 0, "covered_branches": 0, "missing_branches": 0}, "missing_lines": [], "excluded_lines": [], "executed_branches": [], "missing_branches": []}, "src/regtech_data_validator/data/naics/__init__.py": {"executed_lines": [], "summary": {"covered_lines": 0, "num_statements": 0, "percent_covered": 100.0, "percent_covered_display": "100", "missing_lines": 0, "excluded_lines": 0, "num_branches": 0, "num_partial_branches": 0, "covered_branches": 0, "missing_branches": 0}, "missing_lines": [], "excluded_lines": [], "executed_branches": [], "missing_branches": []}, "src/regtech_data_validator/data_formatters.py": {"executed_lines": [1, 2, 3, 5, 7, 10, 11, 13, 15, 16, 18, 32, 47, 49, 52, 55, 65, 66, 67, 69, 82, 84, 87, 88, 89, 92, 93, 96, 98, 99, 103, 106, 107, 109, 111, 112, 114, 125, 127, 128, 129, 130, 132, 133, 134, 135], "summary": {"covered_lines": 46, "num_statements": 46, "percent_covered": 98.27586206896552, "percent_covered_display": "98", "missing_lines": 0, "excluded_lines": 0, "num_branches": 12, "num_partial_branches": 1, "covered_branches": 11, "missing_branches": 1}, "missing_lines": [], "excluded_lines": [], "executed_branches": [[11, 13], [11, 15], [88, -87], [88, 89], [109, 111], [111, 112], [111, 135], [127, 111], [127, 128], [133, 127], [133, 134]], "missing_branches": [[109, 135]]}, "src/regtech_data_validator/global_data.py": {"executed_lines": [1, 2, 4, 9, 10, 12, 13, 14, 18, 19, 21, 22, 23], "summary": {"covered_lines": 13, "num_statements": 13, "percent_covered": 100.0, "percent_covered_display": "100", "missing_lines": 0, "excluded_lines": 0, "num_branches": 8, "num_partial_branches": 0, "covered_branches": 8, "missing_branches": 0}, "missing_lines": [], "excluded_lines": [], "executed_branches": [[12, 13], [12, 18], [13, 12], [13, 14], [21, -1], [21, 22], [22, 21], [22, 23]], "missing_branches": []}, "src/regtech_data_validator/phase_validations.py": {"executed_lines": [1, 6, 8, 9, 32, 35, 36, 38], "summary": {"covered_lines": 7, "num_statements": 7, "percent_covered": 100.0, "percent_covered_display": "100", "missing_lines": 0, "excluded_lines": 0, "num_branches": 0, "num_partial_branches": 0, "covered_branches": 0, "missing_branches": 0}, "missing_lines": [], "excluded_lines": [], "executed_branches": [], "missing_branches": []},