{"coverage": 81.08108108108108, "raw_data": {"meta": {"version": "7.3.1", "timestamp": "2023-09-12T23:41:14.070431", "branch_coverage": true, "show_contexts": false}, "files": {"src/tests/__init__.py": {"executed_lines": [1, 2, 4, 6], "summary": {"covered_lines": 4, "num_statements": 4, "percent_covered": 100.0, "percent_covered_display": "100", "missing_lines": 0, "excluded_lines": 0, "num_branches": 0, "num_partial_branches": 0, "covered_branches": 0, "missing_branches": 0}, "missing_lines": [], "excluded_lines": [], "executed_branches": [], "missing_branches": []}, "src/tests/test_check_functions.py": {"executed_lines": [1, 3, 4, 26, 27, 28, 29, 30, 31, 32, 33, 35, 36, 38, 39, 41, 42, 44, 45, 47, 48, 50, 51, 53, 54, 57, 58, 59, 61, 62, 63, 65, 66, 69, 70, 71, 73, 74, 76, 77, 79, 80, 82, 83, 85, 86, 88, 89, 92, 93, 94, 96, 97, 98, 100, 101, 104, 105, 107, 109, 111, 115, 119, 120, 121, 123, 124, 125, 127, 128, 129, 131, 132, 133, 135, 136, 139, 141, 142, 145, 147, 148, 149, 151, 152, 155, 157, 158, 161, 163, 164, 167, 169, 172, 174, 175, 178, 180, 183, 185, 186, 191, 193, 196, 198, 199, 204, 206, 209, 212, 213, 214, 215, 216, 218, 219, 220, 221, 223, 224, 225, 226, 228, 229, 230, 231, 234, 235, 236, 237, 238, 240, 241, 242, 244, 245, 246, 247, 249, 250, 251, 252, 254, 255, 256, 258, 259, 260, 261, 263, 264, 265, 266, 268, 269, 270, 271, 273, 274, 275, 276, 278, 279, 280, 281, 284, 285, 287, 288, 290, 291, 294, 295, 296, 297, 299, 303, 304, 306, 307, 311, 312, 313, 314, 316, 317, 318, 321, 322, 323, 339, 343, 345, 349, 352, 354, 357, 361, 364, 374, 389, 390, 392, 395, 398, 399, 400, 403, 405, 406, 422, 426, 428, 432, 435, 437, 440, 444, 447, 457, 472, 473, 475, 478, 481, 482, 483, 486, 489, 490, 491, 492, 494, 495, 496, 498, 499, 500, 502, 503, 504, 507, 508, 509, 510, 511, 512, 513, 515, 516, 517, 518, 519, 520, 522, 523, 524, 525, 526, 527, 529, 530, 531, 532, 533, 534, 537, 538, 539, 541, 542, 544, 545, 547, 548, 549, 551, 552, 553, 556, 557, 558, 560, 561, 563, 564, 566, 567, 568, 570, 571, 572, 575, 576, 577, 579, 580, 582, 583, 585, 586, 587, 589, 590, 591, 594, 595, 596, 597, 598, 600, 601, 602, 603, 605, 606, 608, 609, 612, 613, 619, 626, 627, 633, 641, 642, 643, 644, 645, 648, 650, 651, 652, 654, 655, 656, 658, 659, 660, 662, 663, 664, 666, 667, 671, 679, 680, 684, 686, 687, 688, 691, 692, 693, 694, 699, 700, 701, 704, 706, 707, 708, 713, 714, 715, 718, 720, 721, 722, 730, 731, 732, 735, 737, 738, 739, 747, 748, 749, 752, 754, 755, 756, 762, 763, 764, 767, 769, 770, 771, 777, 778, 779, 782, 784, 785, 786, 794, 795, 796, 799, 802, 803, 806, 807, 809, 818, 820, 828, 830, 839, 842, 843, 845, 851, 853, 861, 863], "summary": {"covered_lines": 418, "num_statements": 418, "percent_covered": 100.0, "percent_covered_display": "100", "missing_lines": 0, "excluded_lines": 0, "num_branches": 0, "num_partial_branches": 0, "covered_branches": 0, "missing_branches": 0}, "missing_lines": [], "excluded_lines": [], "executed_branches": [], "missing_branches": []}, "src/tests/test_checks.py": {"executed_lines": [1, 3, 6, 7, 8, 9, 11, 12, 14, 15, 16, 18, 19, 21, 22, 23, 24, 27], "summary": {"covered_lines": 18, "num_statements": 20, "percent_covered": 83.33333333333333, "percent_covered_display": "83", "missing_lines": 2, "excluded_lines": 0, "num_branches": 10, "num_partial_branches": 3, "covered_branches": 7, "missing_branches": 3}, "missing_lines": [25, 26], "excluded_lines": [], "executed_branches": [[8, 9], [8, 11], [9, 8], [15, 16], [15, 18], [16, 15], [24, 27]], "missing_branches": [[9, -9], [16, -16], [24, -24]]}, "src/validator/__init__.py": {"executed_lines": [1, 2, 4, 5], "summary": {"covered_lines": 4, "num_statements": 4, "percent_covered": 100.0, "percent_covered_display": "100", "missing_lines": 0, "excluded_lines": 0, "num_branches": 0, "num_partial_branches": 0, "covered_branches": 0, "missing_branches": 0}, "missing_lines": [], "excluded_lines": [], "executed_branches": [], "missing_branches": []}, "src/validator/check_functions.py": {"executed_lines": [1, 15, 16, 17, 19, 22, 35, 37, 38, 40, 43, 62, 78, 80, 82, 83, 85, 86, 87, 90, 127, 128, 133, 136, 137, 138, 139, 140, 143, 149, 150, 152, 153, 154, 166, 169, 172, 173, 174, 175, 178, 201, 202, 203, 204, 209, 221, 231, 234, 235, 236, 239, 242, 243, 246, 248, 251, 257, 258, 259, 260, 262, 265, 268, 269, 270, 272, 275, 297, 324, 335, 339, 342, 347, 348, 349, 351, 352, 355, 360, 361, 366, 371, 376, 385, 418, 419, 420, 421, 424, 427, 457, 470, 471, 474, 485, 486, 489, 503, 504, 507, 519, 520, 523, 535, 536, 539, 540, 543, 553, 554, 555, 556, 557, 560, 575, 576, 577, 584, 587, 592, 593, 595, 596, 599, 600, 602, 605, 611, 612, 613, 615, 620, 629, 633, 634, 637, 701, 702, 703, 718, 721, 738, 739, 740, 741, 742, 743, 744, 746], "summary": {"covered_lines": 148, "num_statements": 184, "percent_covered": 78.62595419847328, "percent_covered_display": "79", "missing_lines": 36, "excluded_lines": 0, "num_branches": 78, "num_partial_branches": 2, "covered_branches": 58, "missing_branches": 20}, "missing_lines": [55, 59, 113, 115, 116, 118, 121, 123, 288, 289, 290, 291, 292, 293, 294, 308, 309, 310, 311, 312, 316, 319, 320, 321, 382, 440, 441, 442, 443, 444, 445, 449, 452, 453, 454, 748], "excluded_lines": [], "executed_branches": [[37, 38], [37, 40], [80, 82], [80, 85], [128, -128], [128, -127], [137, 138], [137, 140], [152, 153], [152, 166], [173, 174], [173, 175], [202, 203], [202, 231], [204, 209], [204, 221], [209, -209], [209, 202], [209, 209], [221, -221], [221, 202], [221, 221], [243, 243], [243, 246], [243, 248], [259, 260], [259, 262], [269, 270], [269, 272], [348, 349], [348, 351], [360, 361], [361, 361], [361, 366], [361, 371], [371, 360], [371, 371], [371, 376], [419, 420], [419, 424], [555, 556], [555, 557], [576, 577], [576, 584], [592, 593], [592, 602], [593, 595], [593, 599], [595, 592], [595, 596], [599, 592], [599, 600], [612, 613], [612, 634], [702, 703], [702, 718], [738, 739], [739, 740], [739, 741], [741, 742], [741, 743], [743, 744], [743, 746]], "missing_branches": [[55, -55], [55, 59], [115, 116], [115, 123], [116, 118], [116, 121], [309, 310], [309, 321], [316, -316], [316, 309], [320, -320], [320, 309], [360, 382], [441, 442], [441, 454], [449, -449], [449, 441], [453, -453], [453, 441], [738, 748]]}, "src/validator/checks.py": {"executed_lines": [1, 27, 29, 30, 31, 34, 35, 43, 62, 64, 65, 68, 70, 72, 73], "summary": {"covered_lines": 13, "num_statements": 14, "percent_covered": 94.44444444444444, "percent_covered_display": "94", "missing_lines": 1, "excluded_lines": 0, "num_branches": 4, "num_partial_branches": 0, "covered_branches": 4, "missing_branches": 0}, "missing_lines": [75], "excluded_lines": [], "executed_branches": [[64, 65], [64, 68], [73, -34], [73, 72]], "missing_branches": []}, "src/validator/create_schemas.py": {"executed_lines": [], "summary": {"covered_lines": 0, "num_statements": 29, "percent_covered": 0.0, "percent_covered_display": "0", "missing_lines": 29, "excluded_lines": 0, "num_branches": 4, "num_partial_branches": 0, "covered_branches": 0, "missing_branches": 4}, "missing_lines": [4, 5, 6, 7, 12, 13, 16, 17, 18, 19, 20, 23, 24, 26, 27, 31, 32, 33, 35, 36, 37, 39, 41, 45, 46, 49, 50, 53, 54], "excluded_lines": [], "executed_branches": [], "missing_branches": [[17, 18], [17, 20], [24, -23], [24, 26]]}, "src/validator/global_data.py": {"executed_lines": [1, 2, 4, 6, 9, 11, 13, 16, 19, 24, 25, 26, 27, 30], "summary": {"covered_lines": 14, "num_statements": 18, "percent_covered": 72.72727272727273, "percent_covered_display": "73", "missing_lines": 4, "excluded_lines": 0, "num_branches": 4, "num_partial_branches": 0, "covered_branches": 2, "missing_branches": 2}, "missing_lines": [35, 36, 37, 38], "excluded_lines": [], "executed_branches": [[26, -19], [26, 27]], "missing_branches": [[37, -30], [37, 38]]}, "src/validator/main.py": {"executed_lines": [], "summary": {"covered_lines": 0, "num_statements": 38, "percent_covered": 0.0,